Node,degree,indegree_defines,outdegree_defines,indegree_calls,outdegree_calls,betweenness,closeness,pagerank,hubs,authorities,eigenvector,combined_score
judini-python-main\src\judini\codegpt,0.11428571428571428,0.0,0.1,0.0,0.047619047619047616,0.0,0.0,0.012489704928005314,0.07276036919961955,-8.863306674408201e-18,4.248150301609195e-15,0.6943096720647821
judini-python-main\streamlit,0.11428571428571428,0.0,0.13333333333333333,,,0.0,0.0,0.012489704928005314,-8.01010742828683e-18,-7.15178091636355e-18,4.248150301609195e-15,0.5202175050941145
judini-python-main\src\judini\types,0.08571428571428572,0.0,0.1,,,0.0,0.0,0.012489704928005314,-5.425537386043109e-18,2.0619840844603876e-17,4.248150301609195e-15,0.3964079812845906
judini-python-main\src\judini\utils,0.05714285714285714,0.0,0.06666666666666667,,,0.0,0.0,0.012489704928005314,4.3225064870115857e-19,9.26492506630011e-18,4.248150301609195e-15,0.2725984574750667
judini-python-main\examples\chat_completion,0.02857142857142857,,,0.0,0.047619047619047616,0.0,0.0,0.012489704928005314,-0.0,-1.9473531807361976e-17,4.248150301609195e-15,0.17736036223697146
judini-python-main\src\judini\__init__,0.0,,,,,0.0,0.0,0.012489704928005314,-0.0,-5.609941155285358e-19,4.248150301609195e-15,0.024979409856019125
judini-python-main\setup,0.0,,,,,0.0,0.0,0.012489704928005314,-0.0,-2.6912731900614244e-18,4.248150301609195e-15,0.024979409856019118
